avg_speed,std_speed,max_speed,num_points,label
1788.595370902302,1047.8873877227404,7893.826701923472,580,0
53.85164807134503,0.0,53.85164807134503,50,1
